cp_active,propensity_score
0,0.0036308032317309354
0,0.008018169238276593
0,0.006998754135669575
0,0.00788292069623536
0,0.05039968235898014
0,0.10573466877160491
0,0.17681441692286326
0,0.20863813684018606
0,0.28215948859054163
0,0.26772623747795027
1,0.28173042858115704
1,0.3107390550731691
1,0.442215034812399
1,0.42553571983269567
1,0.46657701090299275
1,0.5577937332807377
1,0.5642956257980389
0,0.000671865354968879
0,0.0012196509186727306
0,0.0013350108070094412
0,0.0013235044998714217
0,0.00973358576092179
0,0.029586444274178104
0,0.04957771905426952
0,0.060102071189530856
0,0.10790132794059769
0,0.11587144187265498
0,0.1259674779672354
0,0.11746929811836672
0,0.189751360771807
0,0.19181374671320528
0,0.2211258178259793
0,0.24456347120946004
0,0.2711766866839862
0,0.08547889997099195
0,0.13852724744768627
0,0.14494486380970262
0,0.12280134241724876
1,0.45600616702348323
1,0.6552940290432432
1,0.8159933135631754
1,0.8218514026967557
1,0.8686433547187045
1,0.8726338046112354
1,0.8925920699117741
1,0.8920017495252833
1,0.917242502368892
1,0.9470028319621815
1,0.970862590767944
1,0.9721021971541574
1,0.9692162440264174
0,0.0029683567720389455
0,0.005349432722261202
0,0.004655715581704026
0,0.003846058913090461
0,0.019776220956678275
0,0.042074230950458605
1,0.07481029954077609
1,0.09137709924567253
1,0.12083936691750237
1,0.1469058622827067
1,0.1799311356474351
1,0.15520336673746865
1,0.1659742335842845
1,0.19762877826748654
1,0.2591808905844219
1,0.32450560561752645
1,0.3485179680170635
0,0.0012046652052551399
0,0.002910623852303482
0,0.002164024249560973
0,0.0019891610462482593
0,0.011330148299460838
0,0.02320471348256257
0,0.04139827084785989
0,0.048326694200203774
0,0.09291418584210974
1,0.11879035042784407
1,0.1123187671925997
1,0.14628616377633508
1,0.16076148834413362
1,0.25001930699111924
1,0.27823718595059194
1,0.31728808832061584
1,0.35965364824878365
0,0.0023558534337740963
0,0.005246105285727032
0,0.004597761026875547
0,0.00475463801437845
0,0.02274364313856548
0,0.04991387696020605
0,0.07983157500229378
0,0.06577102450603056
0,0.09161571970952623
0,0.0932031663262591
0,0.11030835028703931
0,0.10184271631551041
0,0.13746941051605716
0,0.19811161279812003
0,0.2691149044121762
0,0.36321795047384836
0,0.3422427989849782
0,0.6041560977776665
0,0.7253554637278067
0,0.7289458488168313
0,0.7486634346997308
1,0.9579250829948466
1,0.9827997582598368
1,0.9899076348833695
1,0.9948138528903994
1,0.9963005241414196
1,0.9969096663753979
1,0.9973212890767794
1,0.9974886684619675
1,0.9972092167522931
1,0.9980365921991212
1,0.9985280597182059
1,0.9988316580166873
1,0.9988267554619467
0,0.0014183528589330958
0,0.003244303342074442
0,0.0030765175788989244
0,0.0031778009492014667
0,0.01567987843070438
0,0.03516098107903651
0,0.08182660265144748
0,0.09747516960372524
0,0.2159878095178769
0,0.20294708282932025
0,0.1850386867996368
0,0.1669873826302876
0,0.20366400156925746
0,0.2818426001019704
0,0.386529213199738
0,0.45026903407286256
0,0.44136771833468474
0,0.004819572409693201
0,0.010833475028767824
0,0.011571239170739161
0,0.010962171246398983
0,0.05346401938685076
0,0.1081137432083738
0,0.15547775873159625
0,0.15559828869974524
0,0.228445214174508
0,0.257159757189056
0,0.30615564247437954
0,0.3184465124237584
1,0.40375487574439134
1,0.5066574012715609
1,0.6698691319486683
1,0.7244226294909114
1,0.7119295029442229
0,0.07122800121747139
0,0.10783566490127147
0,0.09988485008269629
0,0.10559733263809021
1,0.4173110945769715
1,0.6253956672929639
1,0.7137841829926649
1,0.7372343068058801
1,0.8240586607146835
1,0.8273727251647465
1,0.8404401648039792
1,0.8272653972699358
1,0.8713238206796987
1,0.9100111582152274
1,0.9352117405972604
1,0.9482942746174395
1,0.9364907674832389
0,0.0006899440788928706
0,0.0014118956385032857
0,0.0010639433612684426
0,0.0010005976570823683
0,0.005873143551855793
0,0.010847320076924875
0,0.015962043620704382
0,0.01967880547824616
0,0.03794146203949416
0,0.03734128678195165
0,0.04742124923548091
0,0.05701870509661946
0,0.07089368399621135
0,0.09441804289793411
0,0.09403152643973532
0,0.10148167964103942
0,0.11137129168870305
0,0.0058501152063240285
0,0.01124140825539408
0,0.010495810598841632
0,0.009578577207901753
0,0.04444988841639244
0,0.09979933163980609
1,0.16486014378923977
1,0.22678878662432553
1,0.40123734684308426
1,0.488267394542341
1,0.49843311868925655
1,0.5384310578818148
1,0.5953631867300954
1,0.6287657246454084
1,0.688315205519819
1,0.7807965380740186
1,0.7237138154590769
0,0.018354101221957686
0,0.03613459100387093
0,0.03135102173785079
0,0.027608180168935945
0,0.13346262099965173
0,0.20998324168354474
0,0.37698760083751304
0,0.4253065071078009
0,0.5956286097649867
0,0.5339804256920178
0,0.5759273433105866
0,0.6312504179901582
0,0.7392946904018767
0,0.7639961584330274
0,0.8637950442583391
0,0.8857654389806948
0,0.9094066700014944
0,0.0005737560635365539
0,0.0012242361105520127
0,0.001019216131176828
0,0.0012179045746557558
0,0.005656770256957346
0,0.01434675004518208
0,0.027330577631528675
0,0.03243995172142849
0,0.04654098786709521
0,0.04464238234377728
0,0.04163568814175683
0,0.048778599829167
1,0.06661318006696614
1,0.0847717367642617
1,0.10685675443692164
1,0.1784331330531601
1,0.156537265869295
0,0.0033453187704893983
0,0.005589733298096729
0,0.004816358599226154
0,0.005057956843297343
0,0.03580209250769106
0,0.07695840575080452
0,0.1464466756721888
0,0.1968820816108473
0,0.2382801199733227
0,0.26826132703961025
0,0.27746732019024367
0,0.31861773130708154
0,0.47553510808432753
0,0.5133754546696844
0,0.5092465119822354
0,0.5783403189202357
0,0.5504938825897989
0,0.0014261643204316486
0,0.0026172000431485313
0,0.0018973402375474116
0,0.001292712707518256
0,0.007029528196950525
0,0.011727381841951573
0,0.018751750818679525
0,0.020872647218451217
1,0.043274564687177414
1,0.04658827439284033
1,0.056747003708373864
1,0.04460938623756208
1,0.04950834012845305
1,0.07361022556964252
1,0.09044474702758663
1,0.11197502474061498
1,0.09274418559907137
0,4.267203659398907e-05
0,6.352123485751434e-05
0,5.1385288942264704e-05
0,5.181065225991227e-05
0,0.0003034480814496098
0,0.0008155767698569085
0,0.0014860531413708456
0,0.002109907481887595
0,0.00375056809163126
0,0.004575022170951674
0,0.003532103608079198
0,0.0037866106973606494
0,0.0038799443039272976
0,0.006044635468992499
0,0.007260233964518636
0,0.011690523274259792
0,0.010764258123895382
0,0.0009788798753299513
0,0.0021414205345122376
0,0.0018405056114013307
0,0.0017537598318438422
0,0.01047652118189859
0,0.021872547380701806
0,0.04230211667379731
0,0.057024486031450376
0,0.10215958750891387
0,0.1110609653442812
0,0.12056679596284582
0,0.15106490482087165
0,0.16628711343946523
0,0.21715303370840577
0,0.2192933540656507
0,0.22172255253364762
0,0.20733978470452916
0,0.001986592517438635
0,0.004479788563061149
0,0.005153121844216407
0,0.006833324129081999
0,0.04112861755694973
0,0.11689729646603834
0,0.2306699736569539
0,0.21338919331264478
0,0.2642836666830307
0,0.23634370675999553
0,0.24607341500924979
0,0.24150676645091518
0,0.2835286259061949
0,0.40432911222698464
0,0.4936719001440623
0,0.6059684439816265
0,0.6006004474705706
0,2.4264328512499745e-05
0,4.114395741569211e-05
0,3.917487148701576e-05
0,3.544797156870677e-05
0,0.00020093310971279466
0,0.0003606395701524676
0,0.0007572657315067002
0,0.000980987612260666
0,0.0016998820825006524
0,0.001555636393789766
0,0.0014782272696365587
0,0.0012080495604756597
0,0.001543130931488367
0,0.002053425390465915
0,0.003229318225691423
0,0.004387355034240018
0,0.0047986468349539456
0,0.004823925403822907
0,0.011066777060574528
0,0.008825686659517667
0,0.008089254856822348
0,0.05323563650957243
0,0.1367543090767746
0,0.2195675071482283
0,0.25059936546636963
0,0.3550191476023124
0,0.35560772796608364
0,0.40714108025719103
0,0.4041753407897385
0,0.42472251244631837
0,0.49169815385258636
0,0.5523221182101126
0,0.5077779078864018
0,0.4371076479791204
0,0.0009351076574183431
0,0.0019414513136511299
0,0.0017749274260601144
0,0.0018768357407106641
0,0.007929625340938887
0,0.017252008668325425
0,0.025933652987096715
0,0.04400945781500989
0,0.07520330351555139
0,0.059663646951221144
0,0.05936483509017289
0,0.064839123859104
0,0.11068863404935674
0,0.12316961695817139
0,0.12028154507217059
0,0.13329724443109242
0,0.11300277410953874
0,0.009771337434910309
0,0.01632418767978536
0,0.019106150185524553
0,0.016282186262484434
0,0.06689470817164207
0,0.10892505112352675
0,0.2019812117925914
0,0.29313408885681647
0,0.3938959768889399
0,0.34724100799550883
0,0.38500004549614075
0,0.38726947238196535
0,0.5283619614647395
0,0.57082216763655
0,0.6534824388307433
0,0.6975759875696094
0,0.6633841703300148
0,0.00011394570458540164
0,0.00022628776573694495
0,0.00024503585622282403
0,0.0002970200280212561
0,0.0016943497437147056
0,0.0021082647974332174
0,0.003554594248607275
0,0.004435261134018309
0,0.007502589377454124
0,0.008193964688847165
0,0.008528412207138772
0,0.010027682629466881
0,0.01509831472863977
0,0.02079671317267298
0,0.02518347850655499
0,0.039322373730142926
0,0.03141735138594182
0,0.00021009098574884406
0,0.00038678336722798
0,0.00036454507964718205
0,0.0003457079822201963
0,0.001384004282863274
0,0.002749543021293819
0,0.003483304624865198
0,0.004345733229894418
0,0.0064754633888392515
0,0.006527062224247494
0,0.008112028858278624
0,0.008315501828996636
0,0.009448132711554435
0,0.014345555308830773
0,0.0243517313612348
0,0.029080862642833754
0,0.02626578096602794
0,8.327495735348747e-06
0,1.763233491257847e-05
0,1.7968879014881057e-05
0,2.1663823015692468e-05
0,0.00011596940402947744
0,0.00019617414705755108
0,0.00033281759778434113
0,0.00032579618301537553
0,0.0005966598632582432
0,0.0008386954171086953
0,0.0008808824731519857
0,0.000973063615509731
0,0.0010526565351530513
0,0.001400973704951251
0,0.002992687201861142
0,0.003220361618005661
0,0.0028610780701704315
0,0.044994876747376004
0,0.0783500796006448
0,0.06785772336407454
0,0.05692377758917388
1,0.2807308652370827
1,0.5243490335758265
1,0.6861492696067016
1,0.7055779276801222
1,0.8046411041231671
1,0.8324896058194464
1,0.8416157885901752
1,0.8355749544944724
1,0.8803170774778557
1,0.8967647948790638
1,0.9241190887135625
1,0.9346865719390258
1,0.9358162258607898
0,0.0019638696738821407
0,0.0037246358590457664
0,0.0038586316092214827
0,0.0032565845381520094
0,0.019880517363661133
0,0.03770330815153772
0,0.05695558209449412
0,0.09644331644507056
0,0.12321045868503554
0,0.14647118270675522
0,0.14639567156555464
0,0.13027093246709132
1,0.1725371361216731
1,0.19311376655918894
1,0.2940099641128617
1,0.3606683839462314
1,0.38603691792849
0,0.0004991767959370169
0,0.0008801490450994146
0,0.0010292811948823118
0,0.001304188364877315
0,0.006112454237060571
0,0.012116262484615722
0,0.022218457859587537
0,0.030921345788199644
0,0.05813005555678381
0,0.06608045821965856
0,0.061439547195156576
0,0.07134246110275748
0,0.09969151921564941
0,0.13814071062891342
0,0.1836829356001311
0,0.22761289218531788
0,0.21373444028698316
0,0.0019370348720569263
0,0.003933758924015875
0,0.0034933996564180986
0,0.003969059947692979
0,0.01598167451461646
0,0.031660651554851864
1,0.04934599494416186
1,0.0664741387468207
1,0.10515916221975875
1,0.1372904765944282
1,0.11072105192216246
1,0.12072848327468155
1,0.17047661069781342
1,0.19928738025303
1,0.21166405052695578
1,0.2478212201246727
1,0.35925297831094205
0,0.0003442692917241614
0,0.0007213220625457181
0,0.000456251209072803
0,0.00038750273264213513
0,0.001781900814665576
0,0.0036758639980854985
0,0.007047275309313219
0,0.012420508236000284
0,0.026671057983905018
0,0.03403364983285042
0,0.04830728050352403
0,0.038261414911799595
0,0.043284600199868566
0,0.04138561402315489
0,0.05460124803214445
0,0.074151118451508
0,0.0868403831606404
0,2.9850219798116455e-05
0,7.07563268482915e-05
0,6.777947441068554e-05
0,5.571988973934206e-05
0,0.00027754482751226353
0,0.0006989871147979898
0,0.0017299452883628647
0,0.002155161796634836
0,0.004572156432111221
0,0.005476895675493748
0,0.004654878691822652
0,0.007518765733267054
0,0.01198349861415949
0,0.014978726537751607
0,0.01771683929475865
0,0.020096123270967853
0,0.018984114613282616
0,0.018772714415743127
0,0.038835198694109695
0,0.03243212665926352
0,0.028331383234585693
1,0.18822666579306602
1,0.3294608753233227
1,0.5132156826223199
1,0.5233795946194816
1,0.6039303307443422
1,0.6378353642744096
1,0.644509511554964
1,0.6500450175784027
1,0.7325537623718456
1,0.6080968030338738
1,0.6338658210077148
1,0.6903376047616414
1,0.7723194878347387
0,0.00011109397377780867
0,0.00017622051230553742
0,0.000207653494427785
0,0.00015402485617170444
0,0.0007578175558257968
0,0.0015624607581393778
0,0.003559656556901795
0,0.004224024637094357
0,0.007426688714113432
0,0.009585865100681165
0,0.008664868348278502
0,0.007274272425887927
0,0.010650311194707409
0,0.01673886961978817
0,0.02571698108834872
0,0.025857101936179846
0,0.03561847319253308
0,0.005618829979567992
0,0.009135581847138497
0,0.014812717569795207
0,0.01032347160466511
0,0.051154993910346024
0,0.09559705399796765
0,0.14583398159022312
0,0.19949783523798106
1,0.20876278237328685
1,0.25320298691788223
1,0.2809696369237213
1,0.2812066151196496
1,0.355153946289788
1,0.4110345063467796
1,0.44187718823363037
1,0.4501882621761451
1,0.4081699135772623
0,0.00984574750619728
0,0.018128667150681052
0,0.0203649499759657
0,0.01946705156591059
0,0.09849024650913554
0,0.2424130031726633
0,0.36677331204988234
0,0.44133353636714745
0,0.5044100181979033
0,0.5485091421379157
0,0.598901742772176
0,0.6390238113326939
0,0.7172492480575448
0,0.7839414821387615
0,0.8541506998119054
0,0.8722073332252844
0,0.8568008702694003
0,0.025974142531187662
0,0.040908145572741625
0,0.04294164154986838
0,0.05484770288990763
0,0.3051662155561605
0,0.4943961591697188
0,0.6535430121590019
0,0.6570074955893019
0,0.7434604488421027
0,0.7461783220871253
0,0.7970049458843406
0,0.8093718080714551
0,0.8698895278841995
0,0.8716619104891195
0,0.90547309157039
0,0.9092398035785011
0,0.8976336657863225
0,0.00018043385154432623
0,0.00043498519555811385
0,0.0005211415978792881
0,0.0004984768064575206
0,0.002840082927443886
0,0.004796718662830332
0,0.008869081134167596
0,0.011292473264704162
0,0.017123217737484448
0,0.01670517323338876
0,0.02057700111710035
0,0.0253476927384758
0,0.02953939995599678
0,0.037267396940028716
0,0.05382246323738055
0,0.075181066345261
0,0.07083968370836614
0,0.026452902061269816
0,0.0557782544628678
0,0.05086139288769
0,0.04421674312049708
0,0.1553965536163257
0,0.2984149160370206
0,0.40076129299065344
0,0.4060059763341508
1,0.445152237696803
1,0.43435624620027063
1,0.36628162247882823
1,0.4209775454776639
1,0.493557137079594
1,0.4903947426078826
1,0.5504653748642927
1,0.6153430900239775
1,0.6898231568100325
0,0.0005888179681535228
0,0.0012664907272467744
0,0.0008016006992933632
0,0.0009285965156468782
0,0.006582124309937828
0,0.01152637925273318
0,0.017761641542186547
0,0.013081584851554907
0,0.02378225892434387
0,0.02242647750665152
0,0.029566111002538704
0,0.047731062345804626
0,0.05932426827458311
0,0.06337769737860802
0,0.06965507464543064
0,0.10550501434749737
0,0.08625805316843996
0,0.002020998979017862
0,0.0035963113344986385
0,0.0043242058066377586
0,0.0032975574713188707
0,0.015326241198827419
0,0.03539782163119344
0,0.05153759823040927
0,0.07258720063519686
0,0.0958497070350475
0,0.07712981147912162
0,0.07088204722504134
0,0.09531448019133155
0,0.12683395938466102
0,0.12266232131459502
0,0.1567297062006888
0,0.2148195637932161
0,0.24550007425973835
0,0.07804405949701972
0,0.15009530191505696
0,0.16390131691246485
0,0.1341826538137399
1,0.5264580560338363
1,0.6652145842224986
1,0.7716002947923126
1,0.7938664281413421
1,0.868831621424031
1,0.8478124115191581
1,0.876836845816109
1,0.8980193873834377
1,0.9389498493208802
1,0.9514037704073242
1,0.947593277575523
1,0.9608089780605106
1,0.9615659560503895
0,0.0005614984188975339
0,0.0008868342981776979
0,0.0012015324385985606
0,0.0010803692038595946
0,0.004385839131365236
0,0.01151795481213376
0,0.02083631375794308
0,0.021947000322105746
0,0.03389075668519145
0,0.043352962564327364
0,0.06471621533484856
0,0.07873286373168899
0,0.093109619353164
0,0.09834744975042925
0,0.10707795856280514
0,0.14994115460151963
0,0.14938966197868825
0,0.0004945552652695658
0,0.0010509614681054975
0,0.0013016167604810991
0,0.0014407260908688249
0,0.011311521647006214
0,0.025999151390148738
0,0.040754859946210066
0,0.032148983807036416
0,0.05074737040544997
0,0.054735424553813486
0,0.060650360282972805
0,0.06311189374631945
0,0.09886088375016529
0,0.11685076701608642
0,0.14837107571877606
0,0.19000383909438162
0,0.1896513353384656
0,6.98699495684061e-05
0,0.00016142886729346656
0,0.00018333762392987093
0,0.00021216830432167693
0,0.001119608421619769
0,0.0024091981096631535
0,0.00483765086495937
0,0.006116648328085216
0,0.008599951650649387
0,0.008265509721706636
0,0.009238678446464026
0,0.010072898728879814
0,0.010555408020085259
0,0.011503605272886961
0,0.015344939519088366
0,0.019104556172605685
0,0.023421685770935702
0,0.013990894467231556
0,0.026946289727528522
0,0.03181734909074298
0,0.029324253803833886
0,0.15929048836415238
0,0.28214403917374514
1,0.41402782799694265
1,0.46958083806162193
1,0.579268667536854
1,0.5579796742424071
1,0.6416383069547787
1,0.6959212266045209
1,0.7869013081107956
1,0.8563067094641541
1,0.873134626168217
1,0.908147249344117
1,0.9224408931044498
0,0.01569037121206081
0,0.03126610620864424
0,0.03267416839251393
0,0.03000196104133903
0,0.1386960146648272
0,0.2676028419056621
1,0.40365538483629315
1,0.5111578165108831
1,0.5407283151678276
1,0.5529178199827023
1,0.64864450816249
1,0.6942994830591955
1,0.7602169515946113
1,0.7460710450161817
1,0.7098026532192238
1,0.8008935045082314
1,0.7761586009713972
0,0.0004635360106637237
0,0.0008927297942964645
0,0.001093922861745974
0,0.0011481553656897973
0,0.006958469872517711
0,0.017113155347469756
0,0.024035169689064783
0,0.031020399429660495
0,0.0650880266628365
0,0.07463160253040355
0,0.08628372803122018
0,0.07635101580240396
0,0.07727298758231756
0,0.10531409757422285
0,0.12936393905305493
0,0.1177846680033101
0,0.14420485795274465
0,0.1371694632852501
0,0.23063877012736597
0,0.2852147873860384
0,0.30290842994514694
0,0.6511114231600211
0,0.7408185431837585
1,0.8301340839179291
1,0.7865261364062376
1,0.8172915432229547
1,0.8215612203234819
1,0.865365264672996
1,0.8448768404751331
1,0.8803052031894512
1,0.9309119942996434
1,0.939365516952746
1,0.9603235595944751
1,0.9578649204673505
0,0.00365655877927261
0,0.004474822719716693
0,0.003177185169820478
0,0.0023201160464553184
0,0.010093751271731465
0,0.02384397752094885
0,0.04654432084471805
0,0.04165110900167675
0,0.05775785847814148
0,0.07204474633473118
0,0.08350638139424196
0,0.08316931657743895
0,0.12152882760106523
0,0.17966434768663583
0,0.20725493771185494
0,0.21910119819271537
0,0.2586379387835774
0,0.031114874690883695
0,0.0570175887532783
0,0.04894493754569782
0,0.05900880068595692
0,0.19316006264303745
0,0.36969156917280716
1,0.46170961771105745
1,0.4473881623916108
1,0.4888371258451299
1,0.5576000466144793
1,0.49480724898297895
1,0.520480392679526
1,0.5771460396473003
1,0.6125253824992467
1,0.6349995725404126
1,0.7075215967614975
1,0.7083160398304758
0,0.0010246673697792293
0,0.0027091445758490075
0,0.0030565627454033073
0,0.003898910329205416
0,0.020756434842269907
0,0.0670716635957999
0,0.07613061962362414
0,0.08258744576370979
0,0.12909247987842945
0,0.13401064955701147
0,0.11620169579049335
0,0.1288511606789839
0,0.17168403505845584
0,0.2170055181518049
0,0.3374327838781091
0,0.3850944218835553
0,0.3491373162607153
0,0.0076184397147024754
0,0.015278857483476807
0,0.016086035770872815
0,0.014640857017864623
0,0.055534048407122755
0,0.1456723955237257
0,0.19966958015855812
0,0.2309720922088382
1,0.28608836803764137
1,0.25260156874927825
1,0.265826463257216
1,0.2986484289787407
1,0.3999563664403663
1,0.44782160822152534
1,0.5157183535993823
1,0.4966800523794277
1,0.5343076534126551
0,0.007335679568939713
0,0.00940705445170026
0,0.008524758444794188
0,0.006659049472010517
0,0.02400786456458267
0,0.05765128663506386
0,0.09027009089107137
0,0.08685962984472165
0,0.1182734181766236
0,0.09502734655395302
0,0.11793283063950115
0,0.12656205074831198
0,0.27137547288894204
0,0.221310506243623
0,0.32493194984762674
0,0.3612088369957186
0,0.3801006658597556
0,0.00037680828100301184
0,0.0009426192087399502
0,0.001020305649470691
0,0.0008435853717980996
0,0.005707493576611977
0,0.015206706920184701
0,0.03605212335532378
0,0.03804127056346268
0,0.0662955107986022
0,0.07713798490297503
0,0.0912151362851075
0,0.10911515866796945
0,0.16871629513347342
0,0.198247392719262
0,0.2816029265755374
0,0.33775986178267403
0,0.3930161594034802
0,0.0036133358555286007
0,0.006182263904646533
0,0.005932456587683472
0,0.005527532242044953
0,0.03032030660061138
0,0.07174568160264139
0,0.11401519032433584
0,0.13649785502258288
0,0.2043670280073241
0,0.21402294719202353
0,0.19547044734161836
0,0.3232502721394918
1,0.4285807539060038
1,0.43270567700894574
1,0.5213983385605039
1,0.5637031271793886
1,0.5609794833935142
0,0.0011076866377219337
0,0.0025069524728331097
0,0.0023427501552945795
0,0.002153270997003683
0,0.01216349143917242
0,0.022849397360456318
0,0.044466664532326804
0,0.05664413588366416
0,0.07574952946724929
0,0.08367788593332448
0,0.08882254611212212
0,0.07722682385737807
0,0.12639825596391455
0,0.18553323084293982
0,0.18941710585647054
0,0.18388412634559567
0,0.17590047008047677
0,0.0002764323108567123
0,0.00045632412064702403
0,0.0005529559867559553
0,0.0005443350632479889
0,0.0021331673291918635
0,0.0043460050167569795
0,0.008448440811674167
0,0.010195625550276833
0,0.012568343601351938
0,0.010631440218178433
0,0.016320569613825005
0,0.017807994325770245
0,0.016162864688007855
0,0.018566713347613235
0,0.02310285911578295
0,0.021137293610572785
0,0.02023877191063167
0,0.10888986752285862
0,0.16436248430948625
0,0.1312544054058267
0,0.15460600480270154
0,0.3952747475818415
0,0.5938532702572036
0,0.7036061559290119
0,0.765368720860915
0,0.8069499225245607
1,0.7345724358347181
1,0.8236411751842042
1,0.8403370707777307
1,0.8542707776247251
1,0.8317202229664012
1,0.8571395001378531
1,0.8737507829037966
1,0.8764861056368284
0,0.06056229885268276
0,0.09649079512427508
0,0.10818950065696308
0,0.09043381666764573
1,0.344080418132863
1,0.5341695927286212
1,0.6988074809517124
1,0.7864594329992898
1,0.8583786689269911
1,0.8651803676305816
1,0.8626691960335586
1,0.8583708567271179
1,0.9065898271073657
1,0.9275572605414555
1,0.9390284442605702
1,0.9420653070586154
1,0.957735651054879
0,0.001202320265667832
0,0.002031250218664322
0,0.002369920953497849
0,0.00236043156748618
0,0.012625923392400793
0,0.04176007558502049
0,0.07027799040885532
0,0.08313929344639699
1,0.11797940571171447
1,0.16632019247315286
1,0.21547337951995865
1,0.23171721291889755
1,0.35855131498902004
1,0.39002487711322326
1,0.495334788504635
1,0.5064999418830851
1,0.5994338265103566
0,0.004816785511871428
0,0.008766573586240244
0,0.009613804966635917
0,0.009140939852274417
0,0.04521059841557658
0,0.1140475952271873
0,0.1804475430040511
0,0.24010928862921563
0,0.25770434705486434
0,0.23305521083478076
0,0.28751155066550277
0,0.3207778328445989
0,0.4246699144619435
0,0.45900102817060934
0,0.5128686443686202
0,0.6632066163249483
0,0.701359122097511
0,0.057148590190361545
0,0.14298741012733943
0,0.1640914887380301
0,0.19269494072851887
1,0.5525697329289292
1,0.7468263955675253
1,0.8326419956854327
1,0.8468047197978741
1,0.8656238815157083
1,0.8772889205942134
1,0.8946647594201824
1,0.8985469067883742
1,0.9213366815168212
1,0.9089156867869426
1,0.959909935598883
1,0.9645409776239176
1,0.9562656643314886
0,3.509529184915329e-05
0,6.989513501325906e-05
0,8.866323392676368e-05
0,0.00011908931891721189
0,0.0004063983378924555
0,0.0008173966652283748
0,0.0010497244803568321
0,0.0012562431921027978
0,0.0024697922366877013
0,0.00250552507647156
0,0.0030579860833061293
0,0.003998406720393722
0,0.006290947697949981
0,0.007032430104833895
0,0.009842693071918407
0,0.012843462234708532
0,0.012760431929672366
0,0.47314792458413163
0,0.6197139430829914
0,0.605570003202024
0,0.5388815005037362
1,0.9541740864859704
1,0.9492461087078253
1,0.9849849384767954
1,0.990783451244911
1,0.9954610119001276
1,0.9963482825551148
1,0.9946213908866837
1,0.9941000300789454
1,0.9952269467999284
1,0.994290257885494
1,0.9970903447429185
1,0.9969250177046401
1,0.9947135382093175
0,0.005417478750338722
0,0.008831763839422815
0,0.010000978198013627
0,0.009246848848249773
0,0.047702596698352515
0,0.09868933134036345
0,0.21594589214233703
0,0.29284125078388135
0,0.4159113179612351
0,0.4317527594557682
0,0.44814780806811383
0,0.5659664039787499
0,0.6442845461257959
0,0.6897304412378112
0,0.7086535474350808
0,0.766793012192895
0,0.7935672784860373
0,0.0027701840151492657
0,0.007124426885220643
0,0.007622415261252039
0,0.006609367984444907
0,0.03869181072308497
0,0.08898272556454641
0,0.15586741788297287
0,0.18639426770886228
0,0.2494564565748079
0,0.26678480324263476
0,0.27422209907193673
0,0.3222990420767972
0,0.3740512394385007
0,0.48959394969698133
0,0.5131266441536242
0,0.5713828761928469
0,0.6248697997043084
0,0.0011081876916892444
0,0.003280463624398585
0,0.0039419000106956726
0,0.0037935569984622066
0,0.01970329644219099
0,0.04381605425191651
0,0.060089008099683816
0,0.07380380014128722
0,0.11705368007523825
0,0.12035247006761937
0,0.13427620571344326
0,0.12193291977428859
0,0.13935021688216434
0,0.13694219417122094
0,0.1544218384241451
0,0.1690079674028225
0,0.20387282880415897
0,0.0048414902437966985
0,0.011250975093150036
0,0.010931388035948147
0,0.009891505325788143
0,0.04415207235195509
0,0.1323928524540886
0,0.24712182247593803
0,0.31305385175484457
0,0.41162567051855475
0,0.47107744828914094
0,0.5924499830509857
0,0.6590393013799015
0,0.7552075141090049
0,0.7879022407788063
0,0.7926714770238423
0,0.8208820069201735
0,0.7864082450890526
0,0.00018976147939690777
0,0.0005565312807018795
0,0.0005251847678048967
0,0.0006906427022122068
0,0.004079253705646409
0,0.009013492407617306
0,0.011849531233599624
0,0.01613808179480486
0,0.024061339873895627
0,0.03546140537169995
0,0.04198827869099454
0,0.0547875548084787
0,0.07298391166763893
0,0.088633482606626
0,0.13443285112517694
0,0.1603586508003653
0,0.21976272921972279
0,0.0004466360035061334
0,0.0011145563129637407
0,0.0012308559736396536
0,0.0010964498820912184
0,0.006090493947136326
0,0.016866287532756277
0,0.02739109502742231
0,0.027093489332765546
0,0.033789749394529466
0,0.031126774545755943
0,0.029317287205419762
0,0.030411473825258467
0,0.04695624621940726
0,0.07275341774366006
0,0.07932245699669882
0,0.11166880302570942
0,0.08723472854090372
0,8.969077149808294e-06
0,2.231323906407905e-05
0,3.0364671089104164e-05
0,2.9278406297484013e-05
0,0.0001620936882057053
0,0.0004979106066767575
0,0.0009140382542231645
0,0.00098302296960041
0,0.0014930759583858615
0,0.0014231429314846861
0,0.001603973514778317
0,0.0020459928080261607
0,0.002891500780261429
0,0.0027288588969551697
0,0.003975948243376994
0,0.005751400688553649
0,0.007577506063000923
0,0.0007257622595433613
0,0.0020012457714340417
0,0.0023367899472269316
0,0.0018118138081980651
0,0.010532720026595622
0,0.03387047557931679
0,0.0729479821422359
0,0.09723297665333963
0,0.12505137941799596
0,0.13745106286991707
0,0.170625419908265
0,0.15536068439097764
0,0.19868639966082696
0,0.17627972917854673
0,0.2615562722727833
0,0.2925077653127287
0,0.30575225019236957
0,9.012531884921792e-05
0,0.00022454037439204974
0,0.00016475109945612916
0,0.00017203157849657663
0,0.0011905648097463022
0,0.003571380064385259
0,0.006445646269662827
0,0.008966583997600138
0,0.013560702140793171
0,0.013283778261657152
0,0.02192831332919188
0,0.02666751205277807
0,0.04713142902859409
0,0.05370152652606238
0,0.05789453156478112
0,0.07274698864180337
0,0.07731486176766204
0,0.012998291311228653
0,0.026557659167631094
0,0.0313223650720142
0,0.04017575886555261
1,0.04675962790337198
1,0.059618089853078184
1,0.33072339308969834
1,0.4028680583121142
1,0.7015830404194686
1,0.7381222814817878
1,0.7602058979141957
1,0.7551894944349998
1,0.85223790085548
1,0.9205082219638553
1,0.9309264388786699
1,0.8992895765775614
1,0.87603237913496
0,0.0009045636833327026
0,0.0006849377294285262
0,0.0008720381122564124
0,0.0007663654078068335
0,0.014099301327259795
0,0.022681901582475798
0,0.06202140525903225
0,0.0885829220023126
0,0.1660499135193476
0,0.16651619313396207
0,0.1931546731426186
0,0.19672902843161238
0,0.2617927958535787
0,0.27514753654298685
0,0.34429619690364627
0,0.3543789918799021
0,0.29925515755612525
0,0.0001918240512624749
0,0.00011746579396500537
0,0.00018657843165220705
0,0.0002394582808938437
0,0.008381412240687109
0,0.01602000743384656
0,0.0946575195042281
0,0.10852208470280242
1,0.21633849673626804
1,0.22594127835895575
1,0.17901141612595034
1,0.19138616394671612
1,0.2688030010534545
1,0.40970192951582146
1,0.4937209361853702
1,0.5845645002780981
1,0.4004874295809543
0,4.699140497917193e-07
0,3.1098626352211863e-07
0,4.971965727869708e-07
0,8.458639770658264e-07
0,1.4452553020964271e-05
0,1.2231597626321908e-05
0,0.00010765451951946318
0,7.556300221178308e-05
0,0.00010564776892627221
0,6.766672560262688e-05
0,5.7500369881435134e-05
0,7.893180971198608e-05
0,0.0001680987214927884
0,0.00017838898340952628
0,0.0001859785831772441
0,0.0002413074875406804
0,0.00021553668166433262
0,6.977378281143656e-05
0,7.753979970228632e-05
0,0.00010162257399472738
0,0.00011266294270385676
0,0.002763162544758766
0,0.0028388148693733106
0,0.01921676173199145
0,0.026325509198855002
0,0.03330192614891448
0,0.040216589468701616
0,0.08096231299836011
0,0.07501518811340581
0,0.11959082683925781
0,0.09320632141445487
1,0.16550818149108845
1,0.168608393539769
1,0.10131599407451349
0,1.9707921593260154e-05
0,1.521006347896616e-05
0,2.4673992197912686e-05
0,2.3229709689191912e-05
0,0.0005847803207927564
0,0.0006954838262101265
0,0.0033627885015612203
0,0.004774049925191194
0,0.00886295537536249
0,0.012609917714511244
0,0.013837324164807586
0,0.018823064723934833
0,0.02495302739147803
0,0.02632837582829817
0,0.03037077836898409
0,0.02651944168057701
0,0.025384316319115707
0,2.9893167833173286e-05
0,2.256362976002279e-05
0,5.314027805152962e-05
0,6.947486571241849e-05
0,0.0016388956851130243
0,0.0028943186072612364
0,0.012375644092637831
0,0.014418064699516932
0,0.03350085731716118
0,0.02167040981488972
0,0.018472710079625407
0,0.010494032166103994
0,0.018211152164551228
0,0.028191638961898576
0,0.03214420179723142
0,0.029971231502275604
0,0.04104299527733484
0,2.885729545362639e-06
0,1.5874134237205783e-06
0,2.7459308707251303e-06
0,4.614749185467464e-06
0,5.9894468721172836e-05
0,5.9817973378913516e-05
0,0.0004450374826713888
0,0.00043388021479068175
0,0.0007157878956321985
0,0.0006445525508254449
0,0.0005677657687073016
0,0.0008522815826361797
0,0.0015029393834268081
0,0.0012082625690543205
0,0.0017122899411435063
0,0.001584197044461944
0,0.00192773768492513
0,0.0029391557046659043
0,0.0016550345901244542
0,0.002500281846802279
0,0.003676981828904194
0,0.07869478221488685
0,0.09027670726515093
0,0.5124616515654381
0,0.4732007640937914
0,0.7866509680675177
0,0.6991342520459548
1,0.7645491384794122
1,0.7589522786766661
1,0.8578751281962076
1,0.8458919828131457
1,0.9043735522698255
1,0.9154043662810986
1,0.9002815490671486
0,0.00020332265610638626
0,0.00013005249128196893
0,0.00021747914023833762
0,0.00019127885111922351
0,0.00431014775778324
0,0.005006411834872588
0,0.020407199819139684
0,0.025015204945617504
0,0.049659044459134744
0,0.056220028715680215
0,0.06552526958713871
0,0.09177377086502907
0,0.11078726675052517
0,0.10576179585063389
0,0.11376389538444973
0,0.14459365767506913
0,0.09765906977444076
0,8.234199665654026e-05
0,7.77520731633031e-05
0,0.00016917181182611788
0,0.00019378991308162098
0,0.005555100807291208
0,0.007186780268299802
0,0.03733072381582276
0,0.034880980210414664
0,0.03360436618987197
0,0.03823801307058241
0,0.030972279697572103
0,0.02919099444742279
0,0.05745601538043724
0,0.08772578089861431
0,0.09171247681391863
0,0.06329416492834991
0,0.0639122453586228
0,2.3677404633148836e-05
0,1.798135570491049e-05
0,3.448824956467924e-05
0,4.230515877632333e-05
0,0.00036121584010497166
0,0.0002996612521546804
0,0.001855068786351444
0,0.0015679675708447584
0,0.002363480540319628
0,0.0034208171112170152
0,0.0034516944882085725
0,0.0030035432056573497
0,0.005683234559775628
0,0.005002949921722981
0,0.008890154330995874
0,0.008832669187380017
0,0.008821579421999206
0,7.968083950742855e-05
0,5.9843234671593474e-05
0,6.940585285618428e-05
0,0.00014452551551779772
0,0.0013331105181881655
0,0.0014477645799763547
0,0.005297196517084742
0,0.007299022606276493
0,0.007307000652416232
0,0.005067935426367422
0,0.008569479626327047
0,0.007745326440156929
0,0.01829805556592176
0,0.025829003956431854
1,0.032510851144647246
1,0.019658536663739734
1,0.011276868027482201
0,0.009996614249032209
0,0.0071138298647684985
0,0.006182808750718684
0,0.012132398909327841
0,0.2784751280677864
0,0.3717024326632434
1,0.7826703572865076
1,0.7693793614299477
1,0.8996475923196188
1,0.9320743848348407
1,0.9484183895768131
1,0.9635279742600342
1,0.9749306805782161
1,0.9744795295701772
1,0.9887004661872605
1,0.9860845340214681
1,0.9827491580913675
0,0.004705438232984586
0,0.003752743603450553
0,0.0036224427119796176
0,0.005272475657218026
0,0.09321133050563118
0,0.07723654746985398
0,0.2874370198339227
0,0.2474812369729161
1,0.2407232433616991
1,0.33512086030135085
1,0.3887728898605795
1,0.41651915533570777
1,0.48830523476123777
1,0.5223854462018805
1,0.5891602356623096
1,0.696528472673093
1,0.6310248010372187
0,3.2741290885723065e-07
0,2.2958386300504094e-07
0,3.0692432145018854e-07
0,3.867387987208003e-07
0,9.234865353787024e-06
0,7.985182982838038e-06
0,5.1721992020501994e-05
0,3.2267375155959074e-05
0,5.574079496468784e-05
0,8.681713902244669e-05
0,0.00010821802879185556
0,9.95733433567729e-05
0,0.00017783843902822956
0,0.00018147423123082216
0,0.0002427536301733717
0,0.00030914365419583103
0,0.00019877450301832136
0,0.00027244261231036546
0,0.0002498782945088298
0,0.0005387438945176644
0,0.0005829465140313833
0,0.00904508690421515
0,0.011860435454791651
0,0.069738964396668
0,0.11810118162125605
0,0.27186325699286235
0,0.24423309278012822
0,0.3072042836506104
0,0.30949881606554164
0,0.4049696998609044
0,0.4213076759279047
0,0.5350072123399042
0,0.38519194570485404
0,0.4134376460546647
0,0.00014958037490265866
0,9.91552505347958e-05
0,0.00011949350790056761
0,0.00014090494581610774
0,0.0033004359957887583
0,0.0031167854787081794
0,0.019995018733079677
0,0.026126767048421106
0,0.042835496084639886
0,0.02887621844799695
0,0.03217660777556747
0,0.04361063010065633
0,0.05866850168389674
0,0.06774275313063624
0,0.06416028845729592
0,0.09318207200585989
0,0.13817234488998545
0,1.6762661065548593e-06
0,1.2237786818059966e-06
0,1.3800023025214964e-06
0,3.1935800140564064e-06
0,0.0001436688451158993
0,0.00012100072021365767
0,0.00046798277660144594
0,0.0009643878387761562
0,0.0022874676799471434
0,0.002878354861831559
0,0.004004016467595703
0,0.004465076979788419
0,0.00870071680668729
0,0.011272641798012807
0,0.007713935959537333
0,0.004881438879644985
0,0.007848136224300268
0,0.0013463665143226148
0,0.0014164746012223465
0,0.0013939851927364671
0,0.0010203510129634407
0,0.01537656634315206
0,0.013505971716958443
0,0.09005435884650415
0,0.1604062035759284
0,0.24682734247418314
0,0.16681502771291426
0,0.20537503924355338
0,0.19169152229086422
0,0.21840996027033613
0,0.29367373560693155
0,0.36337801967501243
0,0.3452397744736612
0,0.28906040781557696
0,0.00012077388877164725
0,3.413376665735886e-05
0,2.1966814340490368e-05
0,2.2756045345622755e-05
0,0.0006904142982563466
0,0.0006770994253333871
0,0.003558220384020442
0,0.003920992154116666
0,0.010568088489390122
0,0.007552831964671675
0,0.008645016470141589
0,0.00781930586897267
0,0.011290335258751838
0,0.01965385726184352
0,0.030330954750709443
0,0.018708776687316204
0,0.016700440557538297
0,0.005131994359301063
0,0.0031421416870420996
0,0.0035082855437619177
0,0.004710359603654448
0,0.08351304490167939
0,0.11279775306338208
0,0.3286269797841694
0,0.37755607443944383
1,0.5190167382142469
1,0.5187427971810525
1,0.5511626198353857
1,0.6743808038898005
1,0.8372951577501395
1,0.8594026011418945
1,0.8618657842080314
1,0.8784569608630325
1,0.8699090311765256
0,0.00022745756505607588
0,0.00014039178563406222
0,0.00019097747674481772
0,0.00021901924262572226
0,0.003679466592364137
0,0.004431733771108134
0,0.02083229092265971
0,0.01400723178194765
0,0.01747010379089295
0,0.023991687463776543
0,0.031401909201131846
0,0.03030794615748708
0,0.02394162922894145
0,0.030300563632387485
0,0.04485859599492757
0,0.0572059503171703
0,0.08767826476872523
0,2.465870435579123e-05
0,1.756925542452508e-05
0,1.694639272130218e-05
0,2.4403053966830807e-05
0,0.0007108153964184376
0,0.000990874446151596
0,0.005653149069331659
0,0.007269522110567901
0,0.01137583389793785
0,0.010441034203360134
0,0.01143020072449175
0,0.011036306681147771
0,0.01514797382592881
0,0.020590282248137592
0,0.032964206603167935
0,0.05483956504179555
0,0.058691639371450374
0,9.068363233566647e-05
0,5.6144928072796324e-05
0,6.146649887159078e-05
0,0.00012193491091699238
1,0.003002411401079316
1,0.001948577351758408
1,0.012396577193794197
1,0.02097164494199689
1,0.030997276291751714
1,0.03256097913490704
1,0.026760091204746518
1,0.034681544833262364
1,0.06257602694039593
1,0.09733126415892114
1,0.08288950311305136
1,0.07572484127701312
1,0.06679010260061803
0,0.0002675686728426901
0,0.0001650111925852778
0,0.00024406175471321999
0,0.00027618487300555
0,0.007389445118903595
0,0.007656011094980311
0,0.05635894197342977
0,0.07295018123257323
0,0.12378944929237828
0,0.15109821408735874
0,0.14353904064106102
0,0.09157986634019888
0,0.15822325392842462
0,0.17714508778365287
0,0.26702588957291484
0,0.23733361696051908
0,0.16639226146605965
0,0.012354724557738197
0,0.007088489405442105
0,0.010715375960164059
0,0.013253366110952082
0,0.21740836172104047
0,0.27670912175434703
0,0.6818357208780019
0,0.6708552953882383
0,0.7754054854445144
0,0.7580852042463955
1,0.8281244047523406
1,0.7026851414983929
1,0.8425482323082282
1,0.8402009714702642
1,0.8759332918933544
1,0.8664242843279785
1,0.8739408968124599
0,0.32112426502415325
0,0.2579195325022877
0,0.2891705666103671
0,0.31585397298533135
1,0.859370732924892
1,0.829816293290074
1,0.9691036852261861
1,0.978518593864021
1,0.9844621059536625
1,0.9854583522423335
1,0.983239009378392
1,0.9860638334079777
1,0.9896936963838651
1,0.9904784367113896
1,0.9932209470247925
1,0.9874352937644119
1,0.9863457479522019
0,3.6534281449324614e-06
0,2.302807844073931e-06
0,2.4829042437635937e-06
0,3.885546726492529e-06
0,0.00010955099287677607
0,0.00014627765845092968
0,0.0010706260703759584
0,0.0018379013147387664
0,0.0036263482572726235
0,0.005459078744319204
0,0.0026254105958259137
0,0.003106505386734208
0,0.005119677087277342
0,0.0058694020314703195
0,0.010736191501603
0,0.005747217752223916
0,0.006341769921638546
0,0.26024996071811407
0,0.19089607196361072
0,0.17762199374620027
0,0.22181309007645336
1,0.8452686413529943
1,0.8299767219370372
1,0.9761810699410931
1,0.9823624818611718
1,0.9864495214375854
1,0.9866399835991605
1,0.9837425942719471
1,0.9803660739124727
1,0.9883215092122776
1,0.9923225671422701
1,0.9957995295448336
1,0.9972995938290055
1,0.9982951418243987
0,0.002383153581007628
0,0.0012393490752536335
0,0.0013211277026345945
0,0.001935732731434943
0,0.027305767500393253
0,0.025060728131664788
0,0.14133244500348327
0,0.16837477702384387
1,0.2914088230761149
1,0.2780932439232041
1,0.3302454043378205
1,0.2188009031968117
1,0.182562793051307
1,0.08524183410846986
1,0.12277063255472387
1,0.17049548762716332
1,0.15433680999492147
0,0.00026068263919299946
0,0.00012934018842522167
0,0.00014112855383165216
0,0.00016996693541669462
0,0.0019104297293179836
0,0.0022634881948892017
0,0.008376549362747492
0,0.012289952393159487
0,0.017852911322118206
0,0.01745882926431145
0,0.01686972698968624
0,0.01390050895581473
0,0.023682524736878558
0,0.019347915092433537
0,0.024404488124819292
0,0.025156752490473028
0,0.025380426712424808
0,5.532929161546781e-05
0,2.7383329625699774e-05
0,1.9621108195788413e-05
0,2.108788803391398e-05
0,0.000525025767234477
0,0.0002948922351004236
0,0.0015747813718736175
0,0.0022007750166892293
0,0.0032466033343717025
0,0.002269181203570895
0,0.0010598631707837648
0,0.0010997299990920047
0,0.0024177073018476643
0,0.002456721575834912
0,0.005474140002669191
0,0.006543789791094826
0,0.007682706485657843
0,0.015230652113211481
0,0.00804600823519722
0,0.008672709906626273
0,0.0064499489350087705
0,0.09669747222352298
0,0.08442699041963289
0,0.33522260539957865
0,0.3247563248831962
0,0.41044034183531636
0,0.35738858875357504
0,0.24719765195901328
0,0.2846223536597877
1,0.1300443150834411
1,0.20514142313206643
1,0.2596052576398824
1,0.32553210646589925
1,0.3258988339391409
0,0.00021094946152787447
0,0.00017654193028688477
0,0.00015722563154945736
0,0.0002692560131348434
0,0.008962707444342854
0,0.006066016876784796
0,0.03395816632165345
0,0.04133852152300581
0,0.04645592857022452
0,0.06423794121057799
0,0.07803963022063032
0,0.0941254687990985
0,0.1702410659690661
0,0.12172796160617351
0,0.1349840332562366
0,0.1729372189429759
0,0.06877225528563982
0,0.04403230209348845
0,0.037281266479995336
0,0.023417888748009125
0,0.031661445858745606
1,0.36797101421761436
1,0.3268271513270448
1,0.7481128337223408
1,0.828679971957796
1,0.8242266620286138
1,0.8553109523932254
1,0.9327249785546193
1,0.9342811589492149
1,0.957982786689501
1,0.9579824046491997
1,0.980469197583585
1,0.9750684105614179
1,0.9734189192348551
0,7.992120869515225e-05
0,7.373051203978702e-05
0,0.00011491030759672069
0,0.00010662250594942576
0,0.003343883854660778
0,0.0032148392781796227
0,0.02163114370913735
0,0.022064586697998146
0,0.05185796377498828
0,0.055357526785573215
0,0.0832367544962559
0,0.055274567556830495
0,0.09842061384166134
0,0.13293926315969878
0,0.16435799326301892
0,0.15854135082271567
0,0.22827229744622665
0,1.2384709913731615e-05
0,1.0656586591642324e-05
0,5.7637036015331744e-06
0,2.2070471571447267e-05
0,0.0008290014735787882
0,0.0012592784515965904
0,0.006638816349021857
0,0.010277434680911078
0,0.019228109793392477
0,0.032084667273198184
0,0.03771358333430841
0,0.03919862380442908
0,0.06694515884299004
0,0.07700592894848196
0,0.08751397808572807
0,0.09275112631812665
0,0.08547411807538555
0,0.15430720682636395
0,0.047232174282110635
0,0.06938404053795731
0,0.08004617989493473
0,0.7080039758346799
0,0.47355269730693245
1,0.8327491056040142
1,0.8148290287113585
1,0.8951709537615073
1,0.8856470790095309
1,0.8555759882228546
1,0.9440554703272866
1,0.9646749191375098
1,0.9661338801084378
1,0.9721999963203335
1,0.9725358142042326
1,0.9696807508555211
0,3.78090082734185e-05
0,2.555710330460014e-05
0,3.803043099189422e-05
0,4.3794371722841996e-05
0,0.0012021945686113318
0,0.0012384351722124704
0,0.008879764811541123
0,0.011456593203879793
0,0.010424797255146495
0,0.009352618621374187
0,0.009106342650964916
0,0.0121423073706199
0,0.020802632067666565
0,0.009523247803435188
0,0.013861450797287192
0,0.010299584812597316
0,0.011249051223739842
0,0.00021118221353808936
0,8.692136053175842e-05
0,0.00010461242916131725
0,0.00020586497624054488
0,0.007125486958221006
0,0.006785805238910458
0,0.024859087740105732
0,0.04637366493746585
0,0.10509452984084743
0,0.09022143090105897
0,0.15351608579585535
0,0.13815965946957198
0,0.25086241008041976
0,0.18840787896590686
0,0.2066629153804314
0,0.16825334049515023
0,0.2742716001897976
0,0.008248560750838805
0,0.004024567059931624
0,0.00609389185203652
0,0.015878171867958823
1,0.30118629892912974
1,0.4827442614703387
1,0.7496109859300285
1,0.7054612450284193
1,0.8811335570955493
1,0.9070673249412731
1,0.9309046019527811
1,0.9431292828691434
1,0.9581019019059096
1,0.9379809409203601
1,0.9561203667335647
1,0.9470002479470261
1,0.973710441461223
0,0.00043119836779657465
0,0.00036388084925099436
0,0.0006806443912800901
0,0.0014637215886599713
0,0.03091160195024855
0,0.02613522097338871
1,0.06788107080942979
1,0.08343190146504614
1,0.1896164708970512
1,0.25398682015614926
1,0.2929872497163781
1,0.24835013588952184
1,0.2854196357153063
1,0.2445177325762761
1,0.4038043342964535
1,0.5215868979375571
1,0.5267229723062806
0,0.0001968164175777972
0,0.00012238927687856672
0,0.00041358766228987294
0,0.0008458780812843092
0,0.055107795731611245
0,0.11765074955700817
0,0.3463525447940614
0,0.4160660725209049
0,0.5609283998676006
0,0.6561953209632632
0,0.7236826158357196
0,0.7389528797452639
0,0.794794187544593
0,0.71425258813907
0,0.6874208529017262
0,0.7974053975893304
0,0.7208397059376045
0,4.6082815069791015e-05
0,3.890374164718705e-05
0,5.802034678232614e-05
0,0.00011121944620473094
0,0.003967271059434112
0,0.0049006961980001835
0,0.02671675731931956
0,0.03526803412177726
0,0.07548522799550847
0,0.07262652845314699
0,0.09372168961162339
0,0.07676708130025624
0,0.24001744615766846
0,0.2895437879336016
0,0.3169784971959932
0,0.19507930248128286
0,0.1374079226926462
0,0.0006414382615410932
0,0.0003490219793025541
0,0.00040223690185065
0,0.0006940485062954489
0,0.033481758109579526
0,0.0324166818728642
0,0.08768122480334722
0,0.09239172103205837
0,0.15710916099314967
0,0.15812666573977496
0,0.21666869846790557
0,0.24849020698640978
0,0.33072033921619165
0,0.2943028500088395
0,0.4884821543204775
0,0.46423026033863407
0,0.28379635943088455
0,0.39147214960487425
0,0.2654770004945892
0,0.40574266259236297
0,0.4784738856129266
1,0.9656220016520408
1,0.9637026046761589
1,0.99510293101826
1,0.9915234903561722
1,0.9954098743600547
1,0.9958123944847294
1,0.9947609896427858
1,0.9925343682678043
1,0.9942436164797478
1,0.9940685965020832
1,0.9932758960367275
1,0.9955442832738306
1,0.9964692264173628
0,0.0006802365325832368
0,0.00028215997983963866
0,0.0002514365407891992
0,0.000277050212509221
0,0.020736319527244366
0,0.03186819557372382
0,0.10978614464085007
0,0.09117427258589841
0,0.32850938014415676
0,0.3126902633558244
0,0.4034976867915175
0,0.33390444204616043
0,0.439435973380595
0,0.5121717134172196
0,0.6185822939742344
0,0.6800764942126309
0,0.5983216104598008
0,0.0013564867823223517
0,0.001520033985041846
0,0.0031204509762375256
0,0.004145236563037233
0,0.10991631285835177
0,0.22664655420643712
1,0.5480310226419975
1,0.5359871631821772
1,0.6631719324734248
1,0.5584892601440249
1,0.49666820359516095
1,0.6181968449396775
1,0.8247390759308076
1,0.7772867884774058
1,0.7879773831215798
1,0.8171584651914714
1,0.7787946378038794
0,0.0005568245778445466
0,0.000590736608742438
0,0.0008092328584458233
0,0.0009649811272540785
0,0.02732094786926497
0,0.01923128941918427
0,0.04778587597280819
0,0.04716437643613738
0,0.09339330862833962
0,0.13830862090958682
0,0.20279209877738316
0,0.243366511601321
0,0.2810101425486364
0,0.24542050047406486
0,0.26122304966208176
0,0.3222436219926466
0,0.3149495788891805
0,4.457555849207518e-06
0,3.4884019265824537e-06
0,7.577863527949819e-06
0,6.928849214153479e-06
0,0.00016710465602502936
0,0.00018938981713839141
0,0.0008446155411209348
0,0.0019612882814461765
0,0.005372882059509057
0,0.008867363373170673
0,0.010324338694704614
0,0.007122540175570003
0,0.010321113731533054
0,0.01642955591018024
0,0.011661416724100373
0,0.012272840643479228
0,0.024003882888232766
0,9.15039101559628e-05
0,8.973395062361744e-05
0,0.0001706851942114072
0,0.00032476517773193195
0,0.012769722835446622
0,0.013333586101381762
0,0.023982230487011758
0,0.02437083506150749
0,0.0562056755175824
0,0.05222185441321746
0,0.09231852344034298
0,0.05969705890680183
0,0.05254890614259422
0,0.038470426972938745
0,0.09344345775668497
0,0.12895564603406454
0,0.11087472447296544
0,3.6920510009112036e-05
0,1.2054461968767936e-05
0,2.0869027767887463e-05
0,1.6773678033937813e-05
0,0.00041012863653364215
0,0.0004014122099301411
0,0.0024691218304038467
0,0.00315016719940678
0,0.006297978061576153
0,0.004142108096457514
0,0.005218661620084788
0,0.006819213651795804
0,0.010372649712692607
0,0.010149639606431669
0,0.018769813848849085
0,0.01081091858750019
0,0.008779328575992335
0,0.0001987592224478336
0,0.00012636246759092877
0,0.0001738958925000066
0,0.00017484607970272734
0,0.003385702452627205
0,0.0037505401815729794
0,0.00809938310876633
0,0.007275076388728987
0,0.016615538807966825
0,0.022239674888807466
0,0.03655308266412537
0,0.031034621155419443
0,0.06338520545654419
0,0.085320415297228
0,0.10501335837847159
0,0.11908656083333966
0,0.18335798811530565
0,0.001984763980028629
0,0.0006653843332729512
0,0.0003882289702159442
0,0.0004648677518254474
0,0.017348607754559976
0,0.02006409564732505
0,0.11352690367027633
0,0.08455838919510217
0,0.12554658621865147
0,0.1439967866881169
0,0.20964141025330488
0,0.1718852496461169
0,0.3584731412726056
0,0.468338591854496
0,0.5257421912614451
0,0.6227856773030773
0,0.6923452074417961
0,0.00044770383422813414
0,0.0001448278392955739
0,0.00013788983911638646
0,0.0002521012846485184
0,0.007038427868171345
0,0.013326462695658129
0,0.03823550297455862
0,0.05280199023088402
0,0.13747168843258448
0,0.15654747737132166
0,0.25864714915178677
0,0.19937321798530455
0,0.24971016562840723
0,0.30074382081069356
0,0.3623694603281021
0,0.279548127946304
0,0.3029198290327649
0,2.2251162432622133e-05
0,1.3567367955083963e-05
0,1.8273713677777367e-05
0,2.3402973340106624e-05
0,0.0008403059500969295
0,0.0003808191852636749
0,0.0005570792248105138
0,0.0007930862918878571
0,0.0020192449427030835
0,0.0022881725562983197
0,0.003956935171739024
0,0.0024811581150780697
0,0.004353138155294774
0,0.004792740670936749
0,0.004283530029462642
0,0.005363137503026245
0,0.006472613690555991
0,8.994643044635344e-05
0,8.79854915395013e-05
0,0.0001804240205871392
0,0.0003137401712362293
0,0.004837346293662713
0,0.008816936109207764
0,0.06545463958749409
0,0.06930867450540171
0,0.18611065704222046
0,0.2568232316614371
0,0.1780264284914545
0,0.1592343287465107
0,0.1827796343199118
0,0.17860328931331101
0,0.26269099668374807
0,0.2901728628107625
0,0.26923097417560127
0,5.439232052758282e-06
0,2.619207721725866e-06
0,2.9904315538338355e-06
0,3.6832230225507e-06
0,0.00014741679087435482
0,0.0002475136805362494
0,0.001337338947312342
0,0.0013332115523605385
0,0.0035328426541942726
0,0.003644134653180525
0,0.003350903208991398
0,0.004376553935084786
0,0.004087647982650803
0,0.006863350475918656
0,0.0056439718934407175
0,0.003739608246978982
0,0.0020974215598668633
0,0.0017266195908087012
0,0.0014220967887975898
0,0.0022489575518535145
0,0.0018668455531263334
0,0.040713277333747175
0,0.05161948377821149
1,0.2795843170201005
1,0.3466519803153036
1,0.5692077416019946
1,0.5520934488937783
1,0.4899249565144382
1,0.5125042851682081
1,0.5525033056931417
1,0.6515860367107236
1,0.695993774409642
1,0.7061765525765076
1,0.7803103434705558
0,0.006081681562625713
0,0.003747077342102685
0,0.005926650743620176
0,0.0035109919886313046
0,0.05930374123796276
0,0.07568912935763657
1,0.2603720125293541
1,0.31005099584731655
1,0.5419841790079897
1,0.5909419393571642
1,0.5572764316006712
1,0.5721484779165866
1,0.6666116436618854
1,0.5970337848468393
1,0.6252767669490195
1,0.7214264362458794
1,0.712452939647792
0,1.3248106386816121e-06
0,9.638302297797119e-07
0,1.9132610222118614e-06
0,3.2098939170114314e-06
0,0.00016534649687303843
0,0.00025462774963807996
0,0.0013968444208198015
0,0.0025269059568943995
0,0.00738704404235851
0,0.007547425036247986
0,0.010297388081128244
0,0.011282192617375023
0,0.01659352677578479
0,0.011612003106391957
0,0.011862998552332629
0,0.019631881513506796
0,0.015607261218589125
0,0.00010493547276948709
0,0.00010325333809475445
0,6.741944148093636e-05
0,0.0001087761635589805
0,0.005701816092426176
0,0.010941963698810666
0,0.07444581036135334
0,0.08882837891692744
0,0.1434357778714248
0,0.1405986872762992
0,0.12904994656656013
0,0.11796708022284266
0,0.19738146288186995
0,0.20400904898645633
0,0.2850338939964177
0,0.28965767944195003
0,0.2834776653101051
0,0.0003735914393888727
0,0.00031832625085128193
0,0.0005058596494816438
0,0.000950939527529253
0,0.01901651675461418
0,0.021676636690695698
0,0.10268141937844075
0,0.08818956548364693
0,0.1436592483811106
0,0.2818099171326869
0,0.35306375315073896
0,0.40801724492374775
0,0.5983523597174653
0,0.6189403707880595
0,0.6874966625244431
0,0.6989089895330418
0,0.7165451102118461
0,0.0004933346701412151
0,0.0006405561185196355
0,0.0014932145724784504
0,0.0009798267154414433
0,0.04537692509678136
0,0.06486619873152333
0,0.29864209389128615
0,0.3214148993354507
0,0.5079097738238727
0,0.5432022998406243
0,0.5527327886411745
0,0.6564838300210812
0,0.8126524006009233
0,0.8570455335510322
0,0.8512763000267086
0,0.8783861405746048
0,0.8255795116668276
0,0.000697585050208657
0,0.00037396955452253454
0,0.0006485225191369876
0,0.0009976084251248172
0,0.014229752071115813
0,0.025081364618836158
0,0.10304511730342103
0,0.1754277896322665
0,0.27842941963258194
0,0.3024137379361454
0,0.2650527014442471
0,0.3585501469207538
1,0.6219567112460721
1,0.4589757325009241
1,0.519525150562294
1,0.6579710547302418
1,0.6722728976634629
0,0.014304901447773527
0,0.009447408535784654
0,0.007778533811863657
0,0.009072888412122336
0,0.22676287375068235
0,0.20156532823306386
0,0.5624463897249128
0,0.4988851906180279
0,0.7997761396280887
0,0.8015021653674742
0,0.8924613818277104
0,0.8772838652313878
0,0.8904343868853452
0,0.8262658675081974
0,0.8559082257298929
0,0.7258175121199893
0,0.7823333881590748
0,4.19603328210597e-05
0,2.2755649964154304e-05
0,3.1283111725093924e-05
0,6.677675537770514e-05
0,0.0021769533742573583
0,0.0017370305916937481
0,0.007436933201523146
0,0.01078970288307575
0,0.031973989732590774
0,0.03506762152969508
0,0.058231730492476944
0,0.08313822487236662
0,0.1536602130095911
0,0.22748613408291607
0,0.3540678147590024
0,0.4240787739784482
0,0.507432959925303
0,0.01594193577173022
0,0.010153107543403409
0,0.010875753242382056
0,0.00872706764123283
0,0.21063704418110496
0,0.17609017710565464
0,0.47855243362523087
0,0.4013018270386644
0,0.5863675872243679
0,0.665309592847372
0,0.7266413677992488
0,0.740684711355246
0,0.7663988840406655
0,0.7074669077229637
0,0.7538395082804098
0,0.7743824732210265
0,0.7538425672843826
0,0.0007976834866927943
0,0.000491542871222503
0,0.00043577001926495637
0,0.0005399964912311166
0,0.014283452634687334
0,0.01561239268535961
0,0.04306748116242569
0,0.029830896504926357
0,0.04410351315064351
0,0.05994061107047873
0,0.0728825907983492
0,0.07432666734426303
1,0.1465120479743659
1,0.13570319936135505
1,0.23422511479011957
1,0.3070673818490831
1,0.3563604349099202
0,0.000692826196692586
0,0.00041034168041795597
0,0.0010882617917720985
0,0.0013233337081496998
0,0.04669517098074216
0,0.038994775018210096
0,0.19640262442134213
0,0.20306926417702836
0,0.27372283611498693
0,0.3237279638392317
0,0.3874439701012201
0,0.3499339139588436
0,0.6074279866601879
0,0.6068172585306776
1,0.6282172245695953
1,0.6546268706764161
1,0.5366397986793043
0,1.7743496330260002e-05
0,1.5468135937639744e-05
0,2.3286619965343498e-05
0,2.303042601910728e-05
0,0.0006855774713542241
0,0.0006338441747989819
0,0.005844317810078514
0,0.004007342873788754
0,0.004069926554326227
0,0.003416592606647384
0,0.0032459861159906712
0,0.0026767165794117816
0,0.00466339677072707
0,0.007295253899919798
0,0.009914445573162395
0,0.013226044868437549
0,0.01526285453770829
0,0.004286830506672494
0,0.006363105617589731
0,0.006427207717623484
0,0.006502192079418121
0,0.031495272036279914
0,0.06060614874970908
0,0.05961752590790165
0,0.08270958774777434
0,0.11137108452736515
0,0.13431894929443414
0,0.12758231054604938
0,0.1715114726616723
0,0.20617021107416972
0,0.2379012710211478
0,0.28202401239593755
0,0.3291541951048635
0,0.3828344416612274
0,0.002246679762130919
0,0.004108651634344459
0,0.004146177640365235
0,0.006572381547747027
0,0.03786708839647363
0,0.09910841966406443
0,0.13430979620889058
0,0.14534595042799853
0,0.2212608742161625
0,0.2964619698197118
0,0.3884264345820736
0,0.3128349900093382
0,0.4863674582888679
0,0.49531717153774985
0,0.48839508430388373
0,0.5693487285363857
0,0.5800976325964247
0,0.002284463639350055
0,0.0040418127874697505
0,0.0032339480153275864
0,0.003414351074675845
0,0.022925418168729984
0,0.05350649701787482
0,0.08760203097403176
0,0.13432437253690793
0,0.21935341850863274
0,0.24301099976584892
0,0.29745405896028776
0,0.28017527750737814
0,0.4025732136303565
0,0.49489145208147867
1,0.26690759163344757
1,0.29859199349682763
1,0.19370702390898675
0,0.00019414774769881276
0,0.00034009998746912715
0,0.00034124705359316656
0,0.0003129738417115031
0,0.0013370382771751405
0,0.003671494812979378
0,0.0068299674252109465
0,0.007216607848994719
0,0.012140835804351673
0,0.016090318805029757
0,0.022057205508647502
0,0.02601820459895515
0,0.028507451564781818
0,0.0371045354560889
0,0.05318799367719161
0,0.055572317975612885
0,0.048515921314487453
0,0.003949445073830557
0,0.007191615492232896
0,0.007273603623698629
0,0.00988727801970371
0,0.04789276372056568
0,0.1315033082380079
0,0.18991331267600678
0,0.19395157624187023
0,0.2786456725100362
0,0.29451728633966606
0,0.39385207211656853
0,0.3444940142820889
0,0.4091009140278263
0,0.4544796408408932
0,0.56286205699738
0,0.5663893481287109
0,0.5889005102876327
0,0.0002886796984689558
0,0.000572284339769184
0,0.0004445539311087249
0,0.0004324789546012112
0,0.0023495220127838215
0,0.006520382597603033
0,0.006027857614451759
0,0.011349891543064133
0,0.02168915006996974
0,0.02365201180801389
0,0.020436142934766515
0,0.01709981140156746
0,0.053137636630966226
0,0.07661349379475314
0,0.11406163277027806
0,0.11274593143573491
0,0.12168607518479473
0,0.015753144953861018
0,0.021750862000082787
0,0.022431105463866813
0,0.021478709220982106
0,0.14147818107290283
0,0.26974504040998193
1,0.2603378045703596
1,0.30907451068936714
1,0.644268558844944
1,0.6204939992201369
1,0.7092687756092747
1,0.5515950413837089
1,0.6372831063592233
1,0.663565221256768
1,0.6128858452771596
1,0.5947223434596454
1,0.5707720579091253
0,0.2743489180227022
0,0.3877415758398104
0,0.36947016924829446
0,0.3694875705731741
1,0.7717499530162635
1,0.77232205586999
1,0.9136300368128268
1,0.9240083973418404
1,0.9482702838423936
1,0.9513815673932395
1,0.9643849720934303
1,0.9618348358976422
1,0.9706438122405897
1,0.9790729803226467
1,0.978768965782107
1,0.9759074162549632
1,0.9725717662100372
0,0.08409649625020914
0,0.09193984159767418
0,0.10438578864608235
0,0.12664395098513487
1,0.3905119110127727
1,0.6098416993439227
1,0.7118173464129245
1,0.7486975359678462
1,0.8242886292273667
1,0.8889646669851766
1,0.903668436469658
1,0.867717830449393
1,0.9143240799723851
1,0.9134943344153675
1,0.925485479212087
1,0.9390379734228457
1,0.9300503104576843
0,0.0020824544723266653
0,0.003188549995492699
0,0.0026297166855543874
0,0.0025617107136728682
0,0.018865591140706232
0,0.05342838452735109
1,0.1164753468126623
1,0.13252663128369635
1,0.17160258879063106
1,0.149834097310545
1,0.20128436764840676
1,0.1874854870664536
1,0.2894099138018579
1,0.29247019641368127
1,0.4125688625305941
1,0.43261078187769625
1,0.4254738154900924
0,5.032472756668253e-05
0,8.496013299157404e-05
0,8.141760555407816e-05
0,0.00010496108026083257
0,0.0007036837402953838
0,0.0015017843364577375
0,0.002473164939994794
0,0.0029887824905384963
0,0.005237611723080608
0,0.0042324981403371095
0,0.005338457491258744
0,0.007175871009706562
0,0.012505145416681178
0,0.014775808607702525
0,0.016359080058264662
0,0.019148216821462557
0,0.013703200602973259
0,0.0017346144020530525
0,0.002664153549975211
0,0.002359962668190356
0,0.002422536480078706
0,0.013158686096437337
0,0.026044579486805653
0,0.03764311825129081
0,0.05651275158686841
0,0.09863031598168555
0,0.10287170450368427
0,0.12509768257104978
0,0.12974736898276765
0,0.11258225862998474
0,0.1437054288926518
0,0.1560029761081693
0,0.22362404650980444
0,0.23639532683483627
0,0.000142042999814916
0,0.0002943758438770117
0,0.0002546720255883753
0,0.0004413606293834258
0,0.0033776065331106967
0,0.0065947669684998725
0,0.009322286874722488
0,0.012783092261611902
0,0.032217382668772894
0,0.044469729911596124
0,0.058864476913510363
0,0.1012755014884288
0,0.12609011051700156
0,0.1409628287271398
0,0.16573500226929563
0,0.20204050366181814
0,0.22580483902709841
0,0.0001820769527401943
0,0.0004345306564685862
0,0.00035355299671720674
0,0.00037850739242382823
0,0.00235701045969996
0,0.005973686632426535
0,0.010130336734855446
0,0.014569002991171158
0,0.018808181639507718
0,0.022218331813432125
0,0.029206833148121922
0,0.02960183234869033
0,0.03152816459511272
0,0.05003964286006002
0,0.06807773727443782
0,0.07253473729802715
0,0.08912927432576519
0,0.005943583352721662
0,0.010281219843116276
0,0.009562775612969171
0,0.007888728156812633
0,0.053062051335084855
0,0.15080526286751583
1,0.1710641015470579
1,0.21412569198774165
1,0.2995160286609871
1,0.2816440366322115
1,0.3266109472881215
1,0.2991734644532678
1,0.4410721409799383
1,0.5119971778081635
1,0.5653313175052721
1,0.5465375371093606
1,0.4664500087027626
0,2.0408605540410724e-05
0,2.823638188504135e-05
0,3.7650752577162074e-05
0,3.664226758566822e-05
0,0.00015779203152138603
0,0.00036396094880629555
0,0.0005506345501520509
0,0.0006748339996449515
0,0.0010819813557055697
0,0.0013856766921047758
0,0.0016254814424317523
0,0.0017811465742936326
0,0.002618279000254989
0,0.0029678524110210674
0,0.0037303655196367505
0,0.0032613938210332176
0,0.0029904109104725283
0,0.0006076141134373621
0,0.0009055240355654278
0,0.0008648479063700348
0,0.0009332709732106317
0,0.004528102117875676
0,0.009838261249197322
0,0.015949025410286657
0,0.019840391103025986
0,0.034089382929202494
0,0.043768153708176945
0,0.05831842512095922
0,0.057589974183522706
1,0.12035636353202372
1,0.14682635713406128
1,0.19267768947857442
1,0.19668401988490591
1,0.19317521319237146
0,0.004876368153640535
0,0.008634069689531761
0,0.010905958290484066
0,0.012592438893441199
0,0.06331932172289056
0,0.1820424601132134
0,0.22445062617159167
0,0.26284052427407806
0,0.3244445416851051
0,0.33864239947181446
0,0.3461569592941972
0,0.31644508506592917
0,0.3103390896882681
0,0.3674092145346839
0,0.4685996795018246
0,0.5198009990963545
0,0.5208201728352967
0,1.2770591434828627e-05
0,1.8799946875115832e-05
0,2.342514107564457e-05
0,3.29334443475954e-05
0,0.0002490784737155408
0,0.0005518022431277225
0,0.0008802985909342284
0,0.000877329937193738
0,0.00129615136839395
0,0.0014218704986240184
0,0.0018456810136801439
0,0.001229360709377009
0,0.002161566510353407
0,0.002936650493973802
0,0.003728797457738117
0,0.003617187522168289
0,0.004196637350690523
0,0.01990310403026686
0,0.02279339755873327
0,0.026832456613772652
0,0.025331565342635996
0,0.1327854298875925
0,0.26383001733463757
0,0.33389118259604705
0,0.4131746099822147
1,0.5269506776318967
1,0.5088575475436397
1,0.5821542088271472
1,0.5875940823822103
1,0.6917725600584882
1,0.7389178432702149
1,0.7305684274445677
1,0.7479892937708448
1,0.7826186543842412
0,0.0001364609475181975
0,0.00028111090865091796
0,0.00023768437451991153
0,0.00025318239212870425
0,0.0017948593677531532
0,0.005582710838633305
0,0.006490958267132465
0,0.007123597419369889
0,0.00976042431357182
0,0.012092780112577955
0,0.016798348473858735
0,0.012819999050648515
0,0.019366228673077298
0,0.028112558769986976
0,0.04513334808275882
0,0.053535149258536065
0,0.05141910338811981
0,0.00018056999287400399
0,0.0003757652179636809
0,0.00035275620912024
0,0.00039644006217218143
0,0.0025984911782760104
0,0.0075555448335851835
0,0.011466651013759457
0,0.01935475323480244
0,0.030693792061241447
0,0.027056039504233503
0,0.03953946245984973
0,0.04125753940463584
0,0.07133705892693498
0,0.09995796332146792
0,0.12214136426592223
0,0.14125693946014037
0,0.2330852036416062
0,0.000259848408855142
0,0.00044633920083421235
0,0.00039994838013198954
0,0.0004274195894668901
0,0.002644824792973713
0,0.006586283700773167
0,0.010294475022242424
0,0.011889992527553484
0,0.02859637003924779
0,0.04604443075943475
0,0.06154192807503436
0,0.061247759784299784
0,0.06728661259513051
0,0.12239474252187092
0,0.127218324114088
0,0.13947276206813472
0,0.13733285119079391
0,0.022907009680049346
0,0.06779331078652075
0,0.06519826461833995
0,0.1119706589462523
0,0.4184004490699729
0,0.6623211678738211
0,0.6945531386231297
0,0.7726593603460157
0,0.8790969657404335
0,0.8817909501958794
0,0.8575432322936254
0,0.8296091571099121
0,0.8782478037554802
0,0.9111627409804602
0,0.9140469462405849
0,0.9246874378265002
0,0.9132367955891881
0,0.003265953951317425
0,0.00830177284515904
0,0.01014223303686042
0,0.013369134739878202
0,0.07422663706143731
0,0.1971019775245914
1,0.2483929441627198
1,0.3004178256352091
1,0.3912256015345367
1,0.3662417667450654
1,0.391317868963848
1,0.4079777603518032
1,0.5091619718422603
1,0.684166150848727
1,0.745952845688271
1,0.8173200421301549
1,0.8330316919781813
0,0.25056544541662257
0,0.31171323021937264
0,0.3643961794041484
0,0.5234947757163974
1,0.8516900799764912
1,0.9341241320388876
1,0.9536347838725401
1,0.9660150855449811
1,0.9810194532557376
1,0.9789244583462402
1,0.9803080571807363
1,0.9801691779123032
1,0.9878051926587064
1,0.9880411391066568
1,0.9940244600237521
1,0.9927989283621046
1,0.9926696783581368
0,0.0003160399805668049
0,0.000527126175090595
0,0.0005415056739005455
0,0.0006638620605089088
0,0.005309826419250282
0,0.010662651998766188
0,0.017500119018343373
0,0.01946680405562348
0,0.040269457133636936
0,0.05906729368234462
0,0.06743016781395621
0,0.07540424682119481
0,0.10269328606194845
0,0.11921443531047067
0,0.16490932671336134
0,0.14974430974149774
0,0.15604944943304272
0,0.0017711605287535476
0,0.0037918007129645248
0,0.0044104262822974175
0,0.0031306332679076855
0,0.01258815236723984
0,0.028524656953631742
0,0.04027953450402883
0,0.03472573488016384
0,0.04679290068107232
0,0.054351156338803656
0,0.08972966976692169
0,0.08771236148095343
0,0.13915662940047402
0,0.22089068860943145
0,0.25558076320776635
0,0.3096766912050312
0,0.30052355545196446
0,0.01212785399163689
0,0.015315401778330025
0,0.012519706491236354
0,0.016650160484015433
0,0.09773620116053253
0,0.15590348030579806
1,0.2334164777115458
1,0.3023080481407862
1,0.46203631439001336
1,0.45947578435214426
1,0.588841455366719
1,0.6080807061114077
1,0.6573460689570676
1,0.7903610720411791
1,0.8369199087193524
1,0.8770623253985147
1,0.8710467067337722
0,0.009541085016875653
0,0.01033400072572619
0,0.009718447038519042
0,0.007864266320661081
0,0.05297772794008435
0,0.11678805259036804
0,0.1414104651365483
0,0.2279345767443762
0,0.38363954528806865
0,0.380896089405484
0,0.5572038540029998
0,0.5278626367617727
0,0.6247272052932997
0,0.6460125701570327
0,0.6489449638261778
0,0.6666384619701187
0,0.6728533670301129
0,2.5741013382747526e-05
0,3.959282468039149e-05
0,3.309074553002124e-05
0,3.622208066717543e-05
0,0.0002570718602742393
0,0.0005711980514430507
0,0.0007831723910509828
0,0.00130603658060812
0,0.0026723294792595133
0,0.003332153238591801
0,0.004639355658754457
0,0.004542168697409029
0,0.00851096070270948
0,0.012895595759552961
0,0.021954154041045868
0,0.02250761639060158
0,0.016441645672803297
0,0.0003951483755628897
0,0.0006382483240329111
0,0.0007768693310799554
0,0.0008825754739828701
0,0.007010702912499738
0,0.014534670832293557
1,0.016384678680659175
1,0.027236328676939984
1,0.04141858942400978
1,0.04517037450113796
1,0.04956275792663218
1,0.036954455951734605
1,0.06624804376039992
1,0.07585237829371876
1,0.10029192803082658
1,0.10578187093796539
1,0.10652855808881401
0,0.009324140585766697
0,0.017362836093742506
0,0.01332526246047244
0,0.013072439573413567
0,0.09031077387435196
0,0.1454864965233175
0,0.1982810836209371
0,0.24732843936025742
0,0.33568140151571046
0,0.373373995850764
0,0.3892857937059616
0,0.31341158360342875
0,0.4251581205416082
0,0.473822509999347
1,0.49369207343126886
1,0.5148446962781154
1,0.5336576863322481
0,0.002402828160470201
0,0.005245783362889527
0,0.004062831338311866
0,0.0038562242646317958
0,0.017906166067174246
0,0.033514968503005255
0,0.06065268625612579
0,0.07926503920044646
0,0.10367761934717054
0,0.1205421688246008
0,0.1652052588728209
0,0.18111863056549077
0,0.21853121915523013
0,0.24284101989519377
0,0.2504638818435938
0,0.2586661480540429
0,0.2645007432613318
0,0.004157095727014062
0,0.005773108079368233
0,0.004862540154456052
0,0.005019075834935993
0,0.025084265529183768
0,0.050802485638593416
0,0.08159423955256846
1,0.09221701741953929
1,0.12136669015860105
1,0.1967294547796051
1,0.23851451591805586
1,0.24093028383878765
1,0.27075086297275386
1,0.3425716559421381
1,0.3970393228861179
1,0.4980067833124784
1,0.5226581087068212
0,0.0007012924284877828
0,0.0010707835853779825
0,0.0010412126071464673
0,0.001340897052149463
0,0.009526691711922528
0,0.021518529026719784
0,0.0255120774727439
0,0.029853336569100573
0,0.0329802786756268
0,0.03957481230770548
0,0.04739315728574359
0,0.06505803708276323
0,0.0652306439618851
0,0.07787080376878228
0,0.11089748571708478
0,0.13829771763284582
0,0.10909464870738475
0,0.10224211086050608
0,0.10240684402956862
0,0.10715717128374694
0,0.1225303114892182
1,0.4387948112059497
1,0.6575190224931663
1,0.675785066876432
1,0.7197441197873025
1,0.8468468908139863
1,0.8663469353379841
1,0.9134982623332454
1,0.9063189427958482
1,0.9357719638363081
1,0.950797898839598
1,0.9572770586173751
1,0.9508779976463269
1,0.9543919322467829
